{"1": 0.22287072873490105, "2": 0.505694533129466, "3": 0.590311419457028, "4": 0.6463388810501345, "5": 0.6760147342913613, "6": 0.6934219363798445, "7": 0.7251674109247253, "8": 0.7362895749500681, "9": 0.745007303800583, "10": 0.7519016647347867}