{"1": 0.13915970055496119, "2": 0.5089565219066923, "3": 0.5912500679443452, "4": 0.6443803935942042, "5": 0.6802299183340254, "6": 0.7082549936836218, "7": 0.7201643264437311, "8": 0.7348317813797535, "9": 0.7499030937918787, "10": NaN}