{"1": 0.3233684377713803, "2": 0.5109303489264959, "3": 0.5918560405842404, "4": 0.6467754211312183, "5": 0.6765617810723419, "6": 0.7069685860326556, "7": 0.7113593326213666, "8": 0.7328889274945631, "9": 0.7449568678588211, "10": 0.7572061269138619}