{"1": 0.37456654194030464, "2": 0.5055233214559474, "3": 0.5914396455513485, "4": 0.6456415701367254, "5": 0.6800912338117151, "6": 0.6926750871403782, "7": 0.7227029991049034, "8": 0.7250236628468342, "9": 0.7427130247229364, "10": 0.7538500190877816}